{"Background": {"_type": "image-file", "sha256": "6eef0310f47656fb28bac2bd04a75e96ee59505257209f5750741c7cc64d4b99", "size": 337363, "path": "media/images/Background_2_6eef0310f47656fb28ba.png", "format": "png", "width": 512, "height": 512}, "predicted": {"_type": "image-file", "sha256": "f031727a04e4b892b0d30f6fcb6af2c2fc652266aec6433f8d3ee83c88d73aea", "size": 356850, "path": "media/images/predicted_2_f031727a04e4b892b0d3.png", "format": "png", "width": 512, "height": 512}, "label": {"_type": "image-file", "sha256": "aa6866928cf925840f13ed54dd569495571f1b242a9b2e87e05b16a0d2415fc1", "size": 33085, "path": "media/images/label_2_aa6866928cf925840f13.png", "format": "png", "width": 512, "height": 512}, "_timestamp": 1694706366.777382, "_runtime": 21.037797927856445, "_step": 5, "lr-Adam": 0.001, "trainer/global_step": 3, "Normalized_val_loss": 0.021420184522867203, "Precision": 0.02400922402739525, "Recall": 0.4736751616001129, "F1 score": 0.045290373265743256, "Average number of detected_points": 3517.699951171875, "epoch": 1, "loss": 0.11564908176660538, "TEST F1": 0.0506596565246582, "TEST recall": 0.42908746004104614, "TEST precision": 0.02713046222925186, "_wandb": {"runtime": 20}}