{"Background": {"_type": "image-file", "sha256": "6eef0310f47656fb28bac2bd04a75e96ee59505257209f5750741c7cc64d4b99", "size": 337363, "path": "media/images/Background_6_6eef0310f47656fb28ba.png", "format": "png", "width": 512, "height": 512}, "predicted": {"_type": "histogram", "values": [0, 0, 0, 0, 0, 0, 0, 0, 0, 0, 0, 0, 0, 0, 0, 0, 262144, 0, 0, 0, 0, 0, 0, 0, 0, 0, 0, 0, 0, 0, 0, 0], "bins": [-0.5, -0.46875, -0.4375, -0.40625, -0.375, -0.34375, -0.3125, -0.28125, -0.25, -0.21875, -0.1875, -0.15625, -0.125, -0.09375, -0.0625, -0.03125, 0.0, 0.03125, 0.0625, 0.09375, 0.125, 0.15625, 0.1875, 0.21875, 0.25, 0.28125, 0.3125, 0.34375, 0.375, 0.40625, 0.4375, 0.46875, 0.5]}, "label": {"_type": "image-file", "sha256": "ef2a4c8949cdab1ef24e678bdb88cc276b1fd75e62066e47011c2ce53996efe6", "size": 334, "path": "media/images/label_6_ef2a4c8949cdab1ef24e.png", "format": "png", "width": 512, "height": 512}, "_timestamp": 1685454885.171433, "_runtime": 20.376019954681396, "_step": 8, "lr-Adam": 0.0001, "trainer/global_step": 5, "Normalized_val_loss": 0.4766002297401428, "Precision": 0.01821613870561123, "Recall": 0.5009323358535767, "F1 score": 0.03467206284403801, "Average number of detected_points": 9758.87109375, "epoch": 1, "loss": 0.9718959331512451, "_wandb": {"runtime": 19}}